<?xml version="1.0"  encoding="utf-8"?>

<config>
  <item>
    <version>1</version>
    <cfgcnt>3</cfgcnt>
  </item>

  <item id="1">
  </item>

  <item id="2">
      <data name="Mtu">2455</data>
      <data name="Linktype">1</data>
	  <data name="Bandtype">1</data>
      <data name="APN">CMIOT</data>
	  <data name="Username">****</data>
      <data name="Password">****</data>
	  <data name="Host">183.230.40.40</data>
	  <data name="Userdata">p1:abcdefg,p2:123456789</data>
  </item>

  <item id="3">
      <data name="LogEnabled">1</data>
      <data name="LogExtOutput">1</data>
      <data name="LogOutputType">2</data>
      <data name="LogOutputLevel">2</data>
	  <data name="LogBufferSize">200</data>
	  <data name="Userdata"></data>
  </item>


</config>